{
  "timestamp": "2025-10-22T17:33:06.147506",
  "target": "Target1",
  "model": {
    "name": "ElasticNet",
    "best_params": {
      "model__l1_ratio": 0.7,
      "model__alpha": 1
    }
  },
  "features": {
    "original_count": 122,
    "rfecv_selected": 43,
    "final_selected": 10,
    "reduction_applied": 112,
    "reduction_percentage": 91.80327868852459,
    "selected_features": [
      "F1107",
      "Tempo_Total",
      "Respostas_P_Media",
      "P04",
      "F1105",
      "P08",
      "F0711",
      "Likert_Score_Min",
      "Tempo_Medio",
      "T15"
    ]
  },
  "metrics": {
    "train": {
      "r2": 0.6502248799142472,
      "rmse": 13.79131957249499,
      "mae": 10.93325467017833,
      "mape": 2.934725115638541e+17
    },
    "test": {
      "r2": 0.5524454949522427,
      "rmse": 16.708072384826828,
      "mae": 14.072937161409053,
      "mape": 4.863912189223957e+17
    },
    "baseline": {
      "r2_test": -0.03584200296804574
    },
    "improvement_over_baseline": 0.5882874979202884,
    "improvement_percentage": 1641.3354422317443
  },
  "overfitting_analysis": {
    "r2_difference": 0.09777938496200445,
    "relative_drop_percentage": 15.037779694757262,
    "status": "good"
  },
  "cv_score": 0.4928326538787207,
  "cv_std": 0.19071156114749155,
  "anti_overfitting_strategies": {
    "regularization": "Increased alpha/L1/L2 parameters",
    "tree_constraints": "Reduced max_depth, increased min_samples_leaf",
    "feature_reduction": "Reduced from 122 to 10 features",
    "cross_validation": "5-fold CV for model selection"
  }
}