{
    "timestamp": "2025-10-23T21:07:42.959153",
    "target": "Target3",
    "model": {
        "name": "Ridge",
        "best_params": {
            "model__solver": "svd",
            "model__alpha": 500
        }
    },
    "features": {
        "original_count": 122,
        "rfecv_selected": 42,
        "final_selected": 20,
        "reduction_applied": 102,
        "reduction_percentage": 83.60655737704919,
        "selected_features": [
            "F1103",
            "F1105",
            "Respostas_P_Media",
            "F0711",
            "Atitude_Consistente",
            "P09",
            "F0708",
            "T07",
            "Consistencia_F07",
            "F1109",
            "P02",
            "P07",
            "F0712",
            "P08",
            "F0713",
            "QtdPessoas",
            "P13",
            "P12",
            "T12",
            "P12.1"
        ]
    },
    "metrics": {
        "train": {
            "r2": 0.4652109119583552,
            "rmse": 16.387740699393046,
            "mae": 13.257909566999219,
            "mape": 46.381092706787264
        },
        "test": {
            "r2": 0.46447783937367115,
            "rmse": 15.731512264881761,
            "mae": 12.72165431776618,
            "mape": 17.29969777854816
        },
        "baseline": {
            "r2_test": -0.6949690170815424
        },
        "improvement_over_baseline": 1.1594468564552134,
        "improvement_percentage": 166.83432325144543
    },
    "overfitting_analysis": {
        "r2_difference": 0.0007330725846840247,
        "relative_drop_percentage": 0.15757854466441407,
        "status": "excellent"
    },
    "cv_score": 0.35626892662368087,
    "cv_std": 0.17283052960317635,
    "anti_overfitting_strategies": {
        "regularization": "Increased alpha/L1/L2 parameters",
        "tree_constraints": "Reduced max_depth, increased min_samples_leaf",
        "feature_reduction": "Reduced from 122 to 20 features",
        "cross_validation": "5-fold CV for model selection"
    }
}